n_gates,max_dbz,area30,area40,top30_km,cen_lat,cen_lon,radar,hour,key
60375,55.0,6296.0,785.0,10.683,32.22868551185099,-116.00007333490842,KYUX,0.015555555555555555,2023/09/01/KYUX/KYUX20230901_000056_V06
67141,56.0,6282.0,803.0,8.747,32.23845392490681,-116.00983484679264,KYUX,0.08972222222222222,2023/09/01/KYUX/KYUX20230901_000523_V06
68325,49.5,5602.0,191.0,5.848,32.242611337917154,-116.01634064993085,KYUX,0.23222222222222222,2023/09/01/KYUX/KYUX20230901_001356_V06
60659,48.5,4088.0,60.0,9.639,32.271137769420264,-116.04058815790927,KYUX,0.37666666666666665,2023/09/01/KYUX/KYUX20230901_002236_V06
60816,59.0,3135.0,55.0,6.899,32.2836235032818,-116.03584613563301,KYUX,0.515,2023/09/01/KYUX/KYUX20230901_003054_V06
64350,51.0,3755.0,40.0,6.421,32.295080302737766,-116.02914942182636,KYUX,0.6527777777777778,2023/09/01/KYUX/KYUX20230901_003910_V06
55854,53.5,3440.0,14.0,6.66,32.30108136722713,-116.02996333784134,KYUX,0.7977777777777778,2023/09/01/KYUX/KYUX20230901_004752_V06
46638,44.5,1573.0,4.0,6.74,32.307271606064496,-116.03902577515565,KYUX,0.9380555555555555,2023/09/01/KYUX/KYUX20230901_005617_V06
43356,53.0,1010.0,19.0,5.509,32.37090836910182,-116.06520499714075,KYUX,1.0775,2023/09/01/KYUX/KYUX20230901_010439_V06
45632,53.5,527.0,14.0,5.996,32.44079447948131,-116.07060409346126,KYUX,1.2152777777777777,2023/09/01/KYUX/KYUX20230901_011255_V06
42994,50.5,350.0,12.0,6.044,32.51407458803936,-116.10952551719737,KYUX,1.3561111111111113,2023/09/01/KYUX/KYUX20230901_012122_V06
39639,54.5,471.0,34.0,8.147,32.650233099887245,-116.18300013888425,KYUX,1.498888888888889,2023/09/01/KYUX/KYUX20230901_012956_V06
35754,55.5,554.0,111.0,8.182,32.789549996276286,-116.2633027326652,KYUX,1.6397222222222223,2023/09/01/KYUX/KYUX20230901_013823_V06
30615,50.5,228.0,44.0,6.426,32.72459985664182,-116.15561447221882,KYUX,1.7805555555555554,2023/09/01/KYUX/KYUX20230901_014650_V06
28819,55.5,268.0,66.0,4.558,32.6954983499284,-116.12597846484951,KYUX,1.9202777777777775,2023/09/01/KYUX/KYUX20230901_015513_V06
20932,61.0,461.0,123.0,6.935,32.852130964348966,-116.18359893957901,KYUX,2.0594444444444444,2023/09/01/KYUX/KYUX20230901_020334_V06
21127,57.5,508.0,166.0,6.785,32.79358669957057,-116.1184885579562,KYUX,2.1277777777777778,2023/09/01/KYUX/KYUX20230901_020740_V06
21374,58.5,561.0,177.0,6.927,32.751997454686965,-116.12776456991205,KYUX,2.1980555555555554,2023/09/01/KYUX/KYUX20230901_021153_V06
22335,57.0,301.0,75.0,5.308,32.734521867129885,-116.07542641509093,KYUX,2.265833333333333,2023/09/01/KYUX/KYUX20230901_021557_V06
21506,60.5,354.0,85.0,4.567,32.723159076740195,-116.0494517233527,KYUX,2.3355555555555556,2023/09/01/KYUX/KYUX20230901_022008_V06
22159,59.0,382.0,140.0,4.948,32.74156906284303,-116.06205244003246,KYUX,2.403611111111111,2023/09/01/KYUX/KYUX20230901_022413_V06
21458,64.5,546.0,211.0,6.689,32.7128591187424,-116.06196791033292,KYUX,2.471388888888889,2023/09/01/KYUX/KYUX20230901_022817_V06
21422,68.0,523.0,183.0,4.072,32.70918645184105,-116.06330562323382,KYUX,2.5394444444444444,2023/09/01/KYUX/KYUX20230901_023222_V06
21810,62.5,570.0,205.0,4.067,32.709045581027496,-116.09648367124535,KYUX,2.607222222222222,2023/09/01/KYUX/KYUX20230901_023626_V06
20587,60.0,538.0,155.0,5.054,32.7110619402246,-116.09373322669651,KYUX,2.6752777777777776,2023/09/01/KYUX/KYUX20230901_024031_V06
20405,61.5,430.0,118.0,4.159,32.700149579521245,-116.07910085924472,KYUX,2.743333333333333,2023/09/01/KYUX/KYUX20230901_024436_V06
21582,57.5,258.0,72.0,4.15,32.72043950440069,-116.0904062642627,KYUX,2.8113888888888887,2023/09/01/KYUX/KYUX20230901_024841_V06
23870,52.5,356.0,98.0,3.849,32.69891059694042,-116.07794570007007,KYUX,2.8775,2023/09/01/KYUX/KYUX20230901_025239_V06
24408,53.0,379.0,89.0,5.247,32.68594123811323,-116.07092749417036,KYUX,2.945555555555556,2023/09/01/KYUX/KYUX20230901_025644_V06
24937,51.5,408.0,82.0,7.519,32.70784323936111,-116.0705678647469,KYUX,3.013611111111111,2023/09/01/KYUX/KYUX20230901_030049_V06
25719,58.5,353.0,83.0,5.891,32.834307986113615,-116.13439669463348,KYUX,3.083888888888889,2023/09/01/KYUX/KYUX20230901_030502_V06
25930,51.5,352.0,54.0,5.834,32.97482111002021,-116.15207744536356,KYUX,3.153888888888889,2023/09/01/KYUX/KYUX20230901_030914_V06
26044,48.0,216.0,25.0,5.758,32.854935512719024,-116.15488182378611,KYUX,3.226388888888889,2023/09/01/KYUX/KYUX20230901_031335_V06
28755,45.5,189.0,6.0,5.834,32.87385940607881,-116.12260413437357,KYUX,3.2963888888888886,2023/09/01/KYUX/KYUX20230901_031747_V06
28919,49.0,225.0,24.0,5.825,32.99422643302443,-116.1839923972698,KYUX,3.368611111111111,2023/09/01/KYUX/KYUX20230901_032207_V06
26651,44.0,176.0,9.0,8.059,32.97670972873859,-116.18575285292685,KYUX,3.438888888888889,2023/09/01/KYUX/KYUX20230901_032620_V06
26854,52.5,322.0,66.0,5.351,32.81485117885334,-116.09950120948841,KYUX,3.508611111111111,2023/09/01/KYUX/KYUX20230901_033031_V06
25039,52.0,260.0,92.0,4.159,32.70182286109708,-116.07704018218232,KYUX,3.578611111111111,2023/09/01/KYUX/KYUX20230901_033443_V06
25557,53.5,220.0,55.0,4.443,32.74641312940422,-116.06022606055124,KYUX,3.643333333333333,2023/09/01/KYUX/KYUX20230901_033836_V06
28820,56.0,332.0,88.0,4.957,32.73499252094374,-116.07918360571999,KYUX,3.7075,2023/09/01/KYUX/KYUX20230901_034227_V06
28770,75.0,347.0,98.0,4.177,32.73395250870956,-116.10017011909932,KYUX,3.7775,2023/09/01/KYUX/KYUX20230901_034639_V06
29463,52.5,300.0,89.0,4.054,32.728118075788146,-116.0811426459004,KYUX,3.8475,2023/09/01/KYUX/KYUX20230901_035051_V06
28073,52.0,234.0,65.0,4.387,32.69645557577771,-116.0809204764513,KYUX,3.917222222222222,2023/09/01/KYUX/KYUX20230901_035502_V06
32256,50.0,191.0,37.0,6.403,32.71535920579907,-116.07124709313268,KYUX,3.9819444444444447,2023/09/01/KYUX/KYUX20230901_035855_V06
32408,54.0,338.0,75.0,4.336,32.683384825231485,-116.10426771308948,KYUX,4.054444444444444,2023/09/01/KYUX/KYUX20230901_040316_V06
34116,53.0,276.0,47.0,3.835,32.70333813865582,-116.0837714833343,KYUX,4.124444444444444,2023/09/01/KYUX/KYUX20230901_040728_V06
32634,58.0,142.0,37.0,4.194,32.753968700038556,-116.26430296022437,KYUX,4.194444444444445,2023/09/01/KYUX/KYUX20230901_041140_V06
33294,51.0,186.0,47.0,6.992,32.684728543608465,-116.13236031892905,KYUX,4.260833333333333,2023/09/01/KYUX/KYUX20230901_041539_V06
34695,55.0,184.0,30.0,6.979,32.73806497884953,-116.19480479219233,KYUX,4.328888888888889,2023/09/01/KYUX/KYUX20230901_041944_V06
37082,59.0,292.0,106.0,6.731,32.65700252505857,-116.13401450158612,KYUX,4.398888888888889,2023/09/01/KYUX/KYUX20230901_042356_V06
34180,57.0,157.0,42.0,6.881,32.6739757307992,-116.13484287111258,KYUX,4.471388888888889,2023/09/01/KYUX/KYUX20230901_042817_V06
34763,55.0,152.0,42.0,6.583,32.67953200501268,-116.08006499910597,KYUX,4.536111111111111,2023/09/01/KYUX/KYUX20230901_043210_V06
35775,49.0,123.0,10.0,6.881,32.782661556546906,-116.14987666208508,KYUX,4.600555555555555,2023/09/01/KYUX/KYUX20230901_043602_V06
35833,48.0,110.0,14.0,6.881,32.74651353638958,-116.20853499086634,KYUX,4.670555555555556,2023/09/01/KYUX/KYUX20230901_044014_V06
34688,51.0,109.0,26.0,5.296,32.683435837582124,-116.12956840134062,KYUX,4.740277777777778,2023/09/01/KYUX/KYUX20230901_044425_V06
36877,47.0,115.0,14.0,3.394,32.68741107380553,-116.07437428392868,KYUX,4.804722222222222,2023/09/01/KYUX/KYUX20230901_044817_V06
37521,47.5,119.0,19.0,6.946,32.74376599777061,-116.08355815319612,KYUX,4.874444444444445,2023/09/01/KYUX/KYUX20230901_045228_V06
36895,50.0,117.0,10.0,9.053,32.79600637471229,-116.16760614985967,KYUX,4.944166666666667,2023/09/01/KYUX/KYUX20230901_045639_V06
35940,52.0,274.0,57.0,4.202,32.69747938509642,-116.07556293321149,KYUX,5.014166666666667,2023/09/01/KYUX/KYUX20230901_050051_V06
33642,47.0,80.0,8.0,4.774,32.660844777851636,-116.16492591673587,KYUX,5.105833333333333,2023/09/01/KYUX/KYUX20230901_050621_V06
34752,56.5,222.0,91.0,4.159,32.62191345884966,-116.12244525534217,KYUX,5.175833333333333,2023/09/01/KYUX/KYUX20230901_051033_V06
36108,59.0,194.0,70.0,4.046,32.63836566368448,-116.14108662692877,KYUX,5.245833333333334,2023/09/01/KYUX/KYUX20230901_051445_V06
35513,49.5,86.0,22.0,4.108,32.723303998695705,-116.24261961703588,KYUX,5.315833333333333,2023/09/01/KYUX/KYUX20230901_051857_V06
34085,47.0,136.0,25.0,5.221,32.686977352056815,-116.21085157311227,KYUX,5.385833333333334,2023/09/01/KYUX/KYUX20230901_052309_V06
34561,58.0,96.0,14.0,4.127,32.752567668528854,-116.2814823933719,KYUX,5.455555555555556,2023/09/01/KYUX/KYUX20230901_052720_V06
36582,47.5,87.0,5.0,7.792,32.697258987090024,-116.19693834914882,KYUX,5.5216666666666665,2023/09/01/KYUX/KYUX20230901_053118_V06
37094,59.5,289.0,97.0,4.41,32.68971831608297,-116.21885377496808,KYUX,5.591388888888889,2023/09/01/KYUX/KYUX20230901_053529_V06
40821,58.5,290.0,82.0,4.141,32.68103787898035,-116.20266286525523,KYUX,5.655833333333334,2023/09/01/KYUX/KYUX20230901_053921_V06
43654,71.0,451.0,134.0,6.839,32.61989749401612,-116.42794992939166,KYUX,5.725833333333333,2023/09/01/KYUX/KYUX20230901_054333_V06
42967,61.0,247.0,98.0,5.386,32.75604375676923,-116.29587524454708,KYUX,5.795833333333333,2023/09/01/KYUX/KYUX20230901_054745_V06
42879,67.5,270.0,116.0,5.259,32.72258790587213,-116.24833859721656,KYUX,5.865833333333333,2023/09/01/KYUX/KYUX20230901_055157_V06
38067,66.0,503.0,237.0,6.466,32.73076031854704,-116.25438281172693,KYUX,5.935833333333334,2023/09/01/KYUX/KYUX20230901_055609_V06
39168,58.0,179.0,56.0,5.397,32.74493483612436,-116.28688568504452,KYUX,6.000277777777778,2023/09/01/KYUX/KYUX20230901_060001_V06
38145,66.0,194.0,78.0,6.881,32.85176268230315,-116.34611303365304,KYUX,6.069999999999999,2023/09/01/KYUX/KYUX20230901_060412_V06
39212,64.0,216.0,73.0,5.738,32.76097635196016,-116.28818176642761,KYUX,6.140000000000001,2023/09/01/KYUX/KYUX20230901_060824_V06
36642,65.5,415.0,212.0,5.817,32.76105670063056,-116.26443274652908,KYUX,6.207777777777778,2023/09/01/KYUX/KYUX20230901_061228_V06
34670,67.0,325.0,138.0,5.897,32.768446713238845,-116.26771662071522,KYUX,6.2725,2023/09/01/KYUX/KYUX20230901_061621_V06
38714,64.0,206.0,53.0,5.435,32.722440566548315,-116.22686755315675,KYUX,6.336666666666666,2023/09/01/KYUX/KYUX20230901_062012_V06
38310,59.5,174.0,45.0,5.501,32.7044140412824,-116.21092534958471,KYUX,6.404722222222222,2023/09/01/KYUX/KYUX20230901_062417_V06
39361,48.0,119.0,10.0,4.211,32.703860490279126,-116.2259809056594,KYUX,6.474722222222223,2023/09/01/KYUX/KYUX20230901_062829_V06
37752,42.0,88.0,4.0,4.613,32.6220102767984,-116.12289552943498,KYUX,6.544722222222222,2023/09/01/KYUX/KYUX20230901_063241_V06
38540,54.0,144.0,19.0,6.186,32.76826953058844,-116.15741350785902,KYUX,6.614444444444444,2023/09/01/KYUX/KYUX20230901_063652_V06
39339,55.0,220.0,52.0,6.293,32.76378106996183,-116.09206631617926,KYUX,6.684722222222223,2023/09/01/KYUX/KYUX20230901_064105_V06
39383,43.5,163.0,10.0,6.119,32.78140621220851,-116.07705772745061,KYUX,6.754444444444444,2023/09/01/KYUX/KYUX20230901_064516_V06
38577,54.5,108.0,12.0,6.742,32.97253501366721,-116.03330007150782,KYUX,6.827222222222222,2023/09/01/KYUX/KYUX20230901_064938_V06
40119,54.0,152.0,23.0,6.929,32.87310312879483,-116.07831759669367,KYUX,6.897222222222222,2023/09/01/KYUX/KYUX20230901_065350_V06
41348,55.5,262.0,65.0,8.139,32.70806925741595,-116.08310977573171,KYUX,6.967222222222222,2023/09/01/KYUX/KYUX20230901_065802_V06
42628,65.5,295.0,124.0,7.984,32.66366651740524,-116.09440850948442,KYUX,7.037222222222222,2023/09/01/KYUX/KYUX20230901_070214_V06
44297,58.5,369.0,119.0,7.809,32.692749067060156,-116.1340448675162,KYUX,7.106944444444444,2023/09/01/KYUX/KYUX20230901_070625_V06
42868,54.0,334.0,87.0,6.431,32.718551064475704,-116.15821251950904,KYUX,7.179722222222223,2023/09/01/KYUX/KYUX20230901_071047_V06
42068,58.0,250.0,32.0,6.556,32.70513892784349,-116.14028780080857,KYUX,7.2525,2023/09/01/KYUX/KYUX20230901_071509_V06
40448,52.0,381.0,111.0,6.635,32.70242529185663,-116.15467236327984,KYUX,7.325,2023/09/01/KYUX/KYUX20230901_071930_V06
39982,52.5,295.0,59.0,5.442,32.70787563935689,-116.20284997821044,KYUX,7.397777777777778,2023/09/01/KYUX/KYUX20230901_072352_V06
36172,57.0,155.0,30.0,6.893,32.74765868191206,-116.23490026533798,KYUX,7.470277777777778,2023/09/01/KYUX/KYUX20230901_072813_V06
35446,53.0,165.0,31.0,6.624,32.726561261199,-116.23240094884486,KYUX,7.536388888888888,2023/09/01/KYUX/KYUX20230901_073211_V06
32885,55.0,218.0,46.0,8.395,32.85894251747376,-116.20622709837781,KYUX,7.600833333333333,2023/09/01/KYUX/KYUX20230901_073603_V06
35562,51.0,136.0,16.0,8.34,32.75768472710615,-116.14488490704842,KYUX,7.665277777777778,2023/09/01/KYUX/KYUX20230901_073955_V06
33630,43.5,117.0,6.0,6.853,32.67062333412335,-115.93692945405465,KYUX,7.735,2023/09/01/KYUX/KYUX20230901_074406_V06
36373,48.0,155.0,23.0,6.057,32.561746448130265,-115.94886480253105,KYUX,7.805,2023/09/01/KYUX/KYUX20230901_074818_V06
35635,55.0,129.0,15.0,6.283,32.65012404470346,-115.92249670608933,KYUX,7.875000000000001,2023/09/01/KYUX/KYUX20230901_075230_V06
33263,53.0,83.0,10.0,7.419,32.70296965645724,-116.00504190900129,KYUX,7.945277777777778,2023/09/01/KYUX/KYUX20230901_075643_V06
31779,40.0,73.0,1.0,5.853,32.76339016165589,-116.03477306952571,KYUX,8.015,2023/09/01/KYUX/KYUX20230901_080054_V06
32125,53.0,219.0,47.0,9.038,32.72446428429198,-116.12493527736181,KYUX,8.085,2023/09/01/KYUX/KYUX20230901_080506_V06
29971,53.0,161.0,15.0,7.438,32.732641479489565,-116.00445178866184,KYUX,8.161111111111111,2023/09/01/KYUX/KYUX20230901_080940_V06
29315,51.5,244.0,35.0,6.635,32.74924081214329,-116.10820886509732,KYUX,8.23361111111111,2023/09/01/KYUX/KYUX20230901_081401_V06
29361,50.5,195.0,12.0,8.961,32.712432373453886,-115.96724437097791,KYUX,8.306111111111111,2023/09/01/KYUX/KYUX20230901_081822_V06
28036,49.5,144.0,19.0,9.249,32.54003022838924,-115.72505058364234,KYUX,8.37861111111111,2023/09/01/KYUX/KYUX20230901_082243_V06
27961,51.5,98.0,13.0,6.828,32.61165008684565,-115.82488280242512,KYUX,8.44888888888889,2023/09/01/KYUX/KYUX20230901_082656_V06
26873,50.5,88.0,12.0,6.144,32.585365282492084,-115.8643226435228,KYUX,8.51888888888889,2023/09/01/KYUX/KYUX20230901_083108_V06
27085,52.5,82.0,9.0,5.798,32.64107231606306,-116.04163927155582,KYUX,8.588611111111112,2023/09/01/KYUX/KYUX20230901_083519_V06
26326,41.5,152.0,3.0,5.739,32.62676798102878,-116.38993098685614,KYUX,8.658888888888889,2023/09/01/KYUX/KYUX20230901_083932_V06
24796,48.5,63.0,12.0,5.836,32.719202034392275,-116.15154585251427,KYUX,8.72888888888889,2023/09/01/KYUX/KYUX20230901_084344_V06
24327,46.5,113.0,26.0,6.132,32.72256942754572,-116.21428709371064,KYUX,8.79888888888889,2023/09/01/KYUX/KYUX20230901_084756_V06
32837,45.0,82.0,10.0,9.024,32.774521787516065,-115.82706463668436,KYUX,8.866666666666667,2023/09/01/KYUX/KYUX20230901_085200_V06
24283,58.5,80.0,13.0,5.837,32.70611182540232,-116.18220739292447,KYUX,8.955,2023/09/01/KYUX/KYUX20230901_085718_V06
24060,48.5,71.0,11.0,9.107,32.67824712636597,-116.06390833975938,KYUX,9.035,2023/09/01/KYUX/KYUX20230901_090206_V06
24734,60.0,144.0,11.0,6.464,32.75046824452099,-116.1086146111749,KYUX,9.111944444444443,2023/09/01/KYUX/KYUX20230901_090643_V06
24079,52.0,171.0,27.0,6.58,32.78678759831851,-116.01871677485863,KYUX,9.191666666666666,2023/09/01/KYUX/KYUX20230901_091130_V06
25910,56.5,147.0,25.0,6.576,32.70902142145052,-115.90217491711262,KYUX,9.268055555555556,2023/09/01/KYUX/KYUX20230901_091605_V06
26808,61.0,164.0,29.0,6.682,32.709914498241936,-115.74162529080552,KYUX,9.3475,2023/09/01/KYUX/KYUX20230901_092051_V06
27902,59.5,269.0,34.0,6.814,32.76609805375264,-115.8597344552358,KYUX,9.4275,2023/09/01/KYUX/KYUX20230901_092539_V06
27479,52.0,202.0,23.0,7.048,32.8466276731687,-115.83633129431722,KYUX,9.507222222222222,2023/09/01/KYUX/KYUX20230901_093026_V06
27841,56.5,246.0,43.0,7.167,32.82314814198231,-115.79243501592605,KYUX,9.584722222222222,2023/09/01/KYUX/KYUX20230901_093505_V06
27870,59.5,315.0,38.0,7.286,32.75930988779741,-115.87801258697831,KYUX,9.661944444444444,2023/09/01/KYUX/KYUX20230901_093943_V06
28340,50.5,281.0,20.0,7.27,32.657811621034995,-115.86276886290445,KYUX,9.742222222222221,2023/09/01/KYUX/KYUX20230901_094432_V06
27666,50.0,273.0,38.0,7.39,32.70865679521351,-115.70442984535555,KYUX,9.823055555555555,2023/09/01/KYUX/KYUX20230901_094923_V06
36023,58.0,296.0,41.0,7.435,32.71232098924408,-115.55550571905226,KYUX,9.906666666666666,2023/09/01/KYUX/KYUX20230901_095424_V06
34076,47.5,310.0,28.0,9.066,32.82899599543945,-115.40768596490736,KYUX,9.995,2023/09/01/KYUX/KYUX20230901_095942_V06
33524,56.0,235.0,45.0,7.363,32.72229017438712,-115.53706219311381,KYUX,10.083333333333334,2023/09/01/KYUX/KYUX20230901_100500_V06
33471,50.0,219.0,27.0,7.301,32.704402092142786,-115.5662100240446,KYUX,10.171388888888888,2023/09/01/KYUX/KYUX20230901_101017_V06
33065,48.0,151.0,12.0,8.472,32.887957306678786,-115.50323750771727,KYUX,10.259722222222223,2023/09/01/KYUX/KYUX20230901_101535_V06
32152,51.5,113.0,12.0,6.698,33.132375122834304,-115.74647816432041,KYUX,10.350555555555555,2023/09/01/KYUX/KYUX20230901_102102_V06
28351,42.0,167.0,6.0,8.038,32.854123436179236,-115.7693468593377,KYUX,10.43888888888889,2023/09/01/KYUX/KYUX20230901_102620_V06
32681,57.5,333.0,19.0,7.947,33.21646052078976,-115.67043248656748,KYUX,10.525833333333335,2023/09/01/KYUX/KYUX20230901_103133_V06
32500,52.0,544.0,54.0,9.898,33.29494229575389,-115.51089967195169,KYUX,10.617222222222223,2023/09/01/KYUX/KYUX20230901_103702_V06
32884,55.0,564.0,99.0,10.026,33.33335862166614,-115.50716402374034,KYUX,10.707777777777777,2023/09/01/KYUX/KYUX20230901_104228_V06
28760,57.0,415.0,83.0,9.989,33.48310581790719,-115.53166950581384,KYUX,10.79888888888889,2023/09/01/KYUX/KYUX20230901_104756_V06
27705,54.5,323.0,47.0,10.228,33.521864111156916,-115.56989244852778,KYUX,10.886111111111111,2023/09/01/KYUX/KYUX20230901_105310_V06
26525,47.5,227.0,28.0,8.421,33.51611872971938,-115.6123568305903,KYUX,10.973333333333333,2023/09/01/KYUX/KYUX20230901_105824_V06
21564,48.5,221.0,35.0,8.206,33.530792945343705,-115.62407134953395,KYUX,11.060833333333335,2023/09/01/KYUX/KYUX20230901_110339_V06
28349,56.0,296.0,68.0,8.283,33.07530455122104,-115.70927537393136,KYUX,11.14472222222222,2023/09/01/KYUX/KYUX20230901_110841_V06
24592,46.0,268.0,31.0,6.638,32.50062148202166,-115.80114422350937,KYUX,11.286944444444444,2023/09/01/KYUX/KYUX20230901_111713_V06
23221,51.5,300.0,63.0,10.21,32.66623069124827,-115.83118226697741,KYUX,11.432222222222222,2023/09/01/KYUX/KYUX20230901_112556_V06
13077,49.5,490.0,86.0,8.176,33.232631031251564,-115.7174562729091,KYUX,11.576666666666666,2023/09/01/KYUX/KYUX20230901_113436_V06
12561,54.0,525.0,109.0,8.252,33.22899847978158,-115.70355562169881,KYUX,11.645,2023/09/01/KYUX/KYUX20230901_113842_V06
12779,50.5,471.0,106.0,8.36,33.14433918615522,-115.72081943785619,KYUX,11.715277777777777,2023/09/01/KYUX/KYUX20230901_114255_V06
12625,51.0,475.0,124.0,8.421,33.308222402104484,-115.72016051514419,KYUX,11.785,2023/09/01/KYUX/KYUX20230901_114706_V06
12170,50.5,440.0,71.0,8.344,33.22410907849387,-115.73219194276558,KYUX,11.855,2023/09/01/KYUX/KYUX20230901_115118_V06
12439,57.5,336.0,38.0,8.604,33.23610693939164,-115.7444375934895,KYUX,11.9275,2023/09/01/KYUX/KYUX20230901_115539_V06
12286,54.5,423.0,47.0,8.36,33.25034808636498,-115.7376115643164,KYUX,11.997499999999999,2023/09/01/KYUX/KYUX20230901_115951_V06
11549,51.5,333.0,27.0,8.483,33.66840900252676,-115.64436533217842,KYUX,12.067222222222222,2023/09/01/KYUX/KYUX20230901_120402_V06
11569,50.5,272.0,47.0,8.39,33.80848372898369,-115.62394396158058,KYUX,12.137222222222222,2023/09/01/KYUX/KYUX20230901_120814_V06
12844,44.5,404.0,31.0,8.51,33.34577100165668,-116.00011235507091,KYUX,12.206944444444444,2023/09/01/KYUX/KYUX20230901_121225_V06
12825,45.0,392.0,14.0,7.612,33.461366270216445,-115.93628705245739,KYUX,12.276944444444446,2023/09/01/KYUX/KYUX20230901_121637_V06
12555,50.5,521.0,59.0,7.476,33.05799728300451,-116.2959446888555,KYUX,12.346944444444444,2023/09/01/KYUX/KYUX20230901_122049_V06
12220,48.5,478.0,60.0,6.867,32.79217431340928,-116.50038047124524,KYUX,12.416944444444443,2023/09/01/KYUX/KYUX20230901_122501_V06
12383,53.0,433.0,29.0,6.969,32.92903640414918,-116.35999134075004,KYUX,12.486944444444443,2023/09/01/KYUX/KYUX20230901_122913_V06
13175,47.0,334.0,19.0,7.061,32.65202094939015,-116.40467375801161,KYUX,12.556944444444445,2023/09/01/KYUX/KYUX20230901_123325_V06
12132,52.0,363.0,38.0,6.693,32.628812557206345,-116.42773758864544,KYUX,12.626944444444446,2023/09/01/KYUX/KYUX20230901_123737_V06
11395,47.5,419.0,61.0,6.717,32.67667167580958,-116.48708862337084,KYUX,12.696944444444444,2023/09/01/KYUX/KYUX20230901_124149_V06
10798,51.5,418.0,51.0,6.717,32.725603250561136,-116.5371592318933,KYUX,12.766666666666667,2023/09/01/KYUX/KYUX20230901_124600_V06
9964,49.0,384.0,44.0,6.636,32.772414478901055,-116.55426893532508,KYUX,12.836666666666668,2023/09/01/KYUX/KYUX20230901_125012_V06
9908,48.5,416.0,44.0,6.709,32.783838027905546,-116.47317531998496,KYUX,12.906666666666666,2023/09/01/KYUX/KYUX20230901_125424_V06
10275,48.5,450.0,56.0,6.693,32.780352618037185,-116.34471144594973,KYUX,12.976666666666667,2023/09/01/KYUX/KYUX20230901_125836_V06
11170,47.0,448.0,48.0,6.716,32.79570514372836,-116.23503314746553,KYUX,13.046944444444444,2023/09/01/KYUX/KYUX20230901_130249_V06
10233,49.0,566.0,78.0,6.863,32.823181310276276,-116.22753241519288,KYUX,13.140833333333333,2023/09/01/KYUX/KYUX20230901_130827_V06
10593,48.0,513.0,76.0,6.839,32.83785254804815,-116.29000960261192,KYUX,13.210833333333333,2023/09/01/KYUX/KYUX20230901_131239_V06
11723,50.5,466.0,55.0,6.962,32.85864923950465,-116.24905968718878,KYUX,13.280833333333334,2023/09/01/KYUX/KYUX20230901_131651_V06
12601,44.5,495.0,24.0,7.109,32.903843457645735,-116.13567162116817,KYUX,13.350833333333332,2023/09/01/KYUX/KYUX20230901_132103_V06
12057,45.5,448.0,14.0,6.912,32.94224276239976,-116.01738862174707,KYUX,13.421111111111111,2023/09/01/KYUX/KYUX20230901_132516_V06
12394,48.0,464.0,52.0,8.639,32.93040685489964,-116.08900114501388,KYUX,13.490833333333333,2023/09/01/KYUX/KYUX20230901_132927_V06
11921,50.0,438.0,42.0,8.76,32.93679441997865,-116.17351889674575,KYUX,13.560833333333335,2023/09/01/KYUX/KYUX20230901_133339_V06
12866,49.5,328.0,27.0,7.305,32.94505282146091,-116.00035173714689,KYUX,13.630833333333333,2023/09/01/KYUX/KYUX20230901_133751_V06
12736,53.5,327.0,49.0,7.305,32.93018519926723,-115.92514396452556,KYUX,13.704444444444444,2023/09/01/KYUX/KYUX20230901_134216_V06
12562,49.0,280.0,47.0,7.429,32.95203473136105,-115.87736464392941,KYUX,13.774444444444445,2023/09/01/KYUX/KYUX20230901_134628_V06
12714,49.5,262.0,36.0,8.059,33.052192872682326,-115.83109628176105,KYUX,13.844722222222222,2023/09/01/KYUX/KYUX20230901_135041_V06
11764,50.0,382.0,69.0,7.507,33.051717313321355,-116.08869802731984,KYUX,13.914444444444445,2023/09/01/KYUX/KYUX20230901_135452_V06
10870,52.5,380.0,51.0,7.577,33.03959209156037,-116.22614631113385,KYUX,13.98472222222222,2023/09/01/KYUX/KYUX20230901_135905_V06
10116,45.0,385.0,26.0,7.56,33.035932800374724,-116.42484710024614,KYUX,14.054722222222223,2023/09/01/KYUX/KYUX20230901_140317_V06
10916,48.0,467.0,31.0,7.35,33.27735190209029,-116.40639048690183,KYUX,14.124722222222223,2023/09/01/KYUX/KYUX20230901_140729_V06
10085,44.5,572.0,35.0,8.215,33.333738317337186,-116.4929466908488,KYUX,14.194722222222222,2023/09/01/KYUX/KYUX20230901_141141_V06
10499,49.0,644.0,80.0,8.265,33.469884710247364,-116.41962926891448,KYUX,14.265,2023/09/01/KYUX/KYUX20230901_141554_V06
10139,45.0,593.0,68.0,8.29,33.473980331702094,-116.3352979136977,KYUX,14.334722222222222,2023/09/01/KYUX/KYUX20230901_142005_V06
10814,47.5,604.0,51.0,7.804,33.48182402403675,-116.27457245459355,KYUX,14.404722222222222,2023/09/01/KYUX/KYUX20230901_142417_V06
11621,47.5,624.0,40.0,7.845,33.29666711450071,-116.36880987123325,KYUX,14.474722222222223,2023/09/01/KYUX/KYUX20230901_142829_V06
11364,45.0,630.0,23.0,6.289,33.13668339943361,-116.47145489525782,KYUX,14.544722222222221,2023/09/01/KYUX/KYUX20230901_143241_V06
12021,43.0,573.0,30.0,7.339,33.08165157514592,-116.55611838209812,KYUX,14.615,2023/09/01/KYUX/KYUX20230901_143654_V06
11708,47.0,467.0,47.0,7.326,33.08145725435056,-116.602781023482,KYUX,14.684722222222222,2023/09/01/KYUX/KYUX20230901_144105_V06
11620,47.5,389.0,40.0,6.083,32.99332622267226,-116.59331656234606,KYUX,14.754722222222222,2023/09/01/KYUX/KYUX20230901_144517_V06
11918,44.5,234.0,8.0,5.994,32.96377068513638,-116.58617332812517,KYUX,14.824722222222222,2023/09/01/KYUX/KYUX20230901_144929_V06
11333,46.0,237.0,4.0,6.052,32.95661757171054,-116.51428594383596,KYUX,14.894444444444444,2023/09/01/KYUX/KYUX20230901_145340_V06
10082,45.5,198.0,15.0,6.027,32.96571324359351,-116.47184229542326,KYUX,14.964722222222221,2023/09/01/KYUX/KYUX20230901_145753_V06
9166,44.5,143.0,9.0,6.134,32.986130089440394,-116.47186694238225,KYUX,15.034722222222221,2023/09/01/KYUX/KYUX20230901_150205_V06
8046,43.5,60.0,1.0,6.436,33.062793098728996,-116.0924961694777,KYUX,15.104722222222222,2023/09/01/KYUX/KYUX20230901_150617_V06
7178,48.0,56.0,13.0,6.755,32.914732713279946,-115.8279654573442,KYUX,15.174999999999999,2023/09/01/KYUX/KYUX20230901_151030_V06
7035,52.5,60.0,17.0,6.479,32.77489649890015,-115.94262831897481,KYUX,15.245,2023/09/01/KYUX/KYUX20230901_151442_V06
6558,46.5,55.0,12.0,3.322,32.65037791766165,-116.1502604683197,KYUX,15.313055555555556,2023/09/01/KYUX/KYUX20230901_151847_V06
6155,46.0,50.0,12.0,3.351,32.63881541776129,-116.13579776757459,KYUX,15.382777777777779,2023/09/01/KYUX/KYUX20230901_152258_V06
7046,44.0,52.0,2.0,7.525,32.864085875022724,-115.98094343525061,KYUX,15.453055555555554,2023/09/01/KYUX/KYUX20230901_152711_V06
6454,47.0,48.0,7.0,7.645,32.94209071983432,-115.87854676677937,KYUX,15.522777777777778,2023/09/01/KYUX/KYUX20230901_153122_V06
6071,53.0,59.0,8.0,7.723,32.863749661464034,-115.84950091168781,KYUX,15.592777777777778,2023/09/01/KYUX/KYUX20230901_153534_V06
6956,52.5,60.0,9.0,7.735,32.765576846598506,-115.94090470402662,KYUX,15.663055555555555,2023/09/01/KYUX/KYUX20230901_153947_V06
6464,50.0,63.0,13.0,7.845,32.683277913866085,-116.02586149289851,KYUX,15.733055555555556,2023/09/01/KYUX/KYUX20230901_154359_V06
6570,51.0,62.0,7.0,8.114,32.79902042569906,-116.05556008788491,KYUX,15.803055555555556,2023/09/01/KYUX/KYUX20230901_154811_V06
6885,45.0,84.0,12.0,8.168,32.86226147075314,-115.89965123524492,KYUX,15.869166666666667,2023/09/01/KYUX/KYUX20230901_155209_V06
7277,53.5,95.0,20.0,7.947,32.68366107971766,-116.08146272587567,KYUX,15.93361111111111,2023/09/01/KYUX/KYUX20230901_155601_V06
6997,48.5,93.0,9.0,7.901,32.70667844524955,-116.0590849732927,KYUX,16.003333333333334,2023/09/01/KYUX/KYUX20230901_160012_V06
6906,52.0,69.0,8.0,4.559,32.67919476535459,-116.19226039019932,KYUX,16.07111111111111,2023/09/01/KYUX/KYUX20230901_160416_V06
7174,50.0,96.0,7.0,3.322,32.62941585135865,-116.1385170262793,KYUX,16.141111111111112,2023/09/01/KYUX/KYUX20230901_160828_V06
7570,49.5,107.0,11.0,8.451,32.770227883944315,-116.11567119858931,KYUX,16.211111111111112,2023/09/01/KYUX/KYUX20230901_161240_V06
7482,58.0,76.0,14.0,6.094,32.80734480371056,-116.04576872250915,KYUX,16.279166666666665,2023/09/01/KYUX/KYUX20230901_161645_V06
7076,51.5,118.0,24.0,8.662,32.88407076947991,-116.04785735316649,KYUX,16.349166666666665,2023/09/01/KYUX/KYUX20230901_162057_V06
7610,52.5,106.0,18.0,4.437,32.63285000828723,-116.17424008199323,KYUX,16.41722222222222,2023/09/01/KYUX/KYUX20230901_162502_V06
7442,49.0,43.0,11.0,3.125,32.707196822790955,-116.22896361812704,KYUX,16.481111111111108,2023/09/01/KYUX/KYUX20230901_162852_V06
6380,47.0,55.0,13.0,3.322,32.74005734160569,-116.27430875999701,KYUX,16.55138888888889,2023/09/01/KYUX/KYUX20230901_163305_V06
6392,58.0,69.0,11.0,3.338,32.69049830023741,-116.216984693939,KYUX,16.6175,2023/09/01/KYUX/KYUX20230901_163703_V06
6349,46.5,82.0,13.0,7.78,32.74476034209851,-116.24486329957075,KYUX,16.68166666666667,2023/09/01/KYUX/KYUX20230901_164054_V06
6791,44.5,46.0,8.0,3.427,32.700407882497714,-116.22238143122689,KYUX,16.746111111111112,2023/09/01/KYUX/KYUX20230901_164446_V06
7048,48.5,78.0,6.0,9.126,32.634695161341575,-116.74419231337673,KYUX,16.8125,2023/09/01/KYUX/KYUX20230901_164845_V06
6596,45.0,40.0,6.0,6.996,32.68183179277308,-116.1439132690416,KYUX,16.878611111111113,2023/09/01/KYUX/KYUX20230901_165243_V06
6774,44.5,33.0,4.0,7.226,32.7461118495416,-116.21668773754514,KYUX,16.94472222222222,2023/09/01/KYUX/KYUX20230901_165641_V06
7511,49.0,76.0,10.0,7.894,32.68819420692927,-116.18758334994023,KYUX,17.010833333333334,2023/09/01/KYUX/KYUX20230901_170039_V06
7420,43.5,36.0,2.0,9.921,32.616174995932376,-116.37811762631165,KYUX,17.075277777777778,2023/09/01/KYUX/KYUX20230901_170431_V06
7946,44.0,25.0,2.0,3.33,32.646840937103725,-116.15519115359251,KYUX,17.145555555555553,2023/09/01/KYUX/KYUX20230901_170844_V06
8566,37.0,41.0,0.0,8.007,33.002390526281665,-115.94465113223644,KYUX,17.219166666666666,2023/09/01/KYUX/KYUX20230901_171309_V06
8599,38.0,50.0,0.0,6.02,32.69179462998746,-116.12378061432096,KYUX,17.29527777777778,2023/09/01/KYUX/KYUX20230901_171743_V06
9541,43.5,120.0,4.0,7.098,32.7782475044706,-115.98907931249174,KYUX,17.371666666666666,2023/09/01/KYUX/KYUX20230901_172218_V06
9124,45.5,115.0,2.0,5.833,32.63265117916785,-115.95743960640324,KYUX,17.447777777777777,2023/09/01/KYUX/KYUX20230901_172652_V06
9352,42.5,91.0,4.0,6.02,32.578593311974295,-115.9706761070198,KYUX,17.52361111111111,2023/09/01/KYUX/KYUX20230901_173125_V06
9065,43.5,225.0,11.0,8.995,33.062187257404034,-115.89270229992931,KYUX,17.591944444444444,2023/09/01/KYUX/KYUX20230901_173531_V06
9851,46.5,278.0,40.0,7.422,33.10481987678415,-115.89122988143554,KYUX,17.661666666666665,2023/09/01/KYUX/KYUX20230901_173942_V06
10393,44.0,222.0,11.0,7.44,32.872130410549694,-115.93370303863458,KYUX,17.7375,2023/09/01/KYUX/KYUX20230901_174415_V06
10162,42.0,113.0,1.0,5.961,32.74956028016523,-115.93317688861752,KYUX,17.81722222222222,2023/09/01/KYUX/KYUX20230901_174902_V06
11714,43.5,43.0,3.0,4.547,32.62916416802778,-116.05130365949562,KYUX,17.892222222222223,2023/09/01/KYUX/KYUX20230901_175332_V06
12484,44.0,94.0,9.0,10.326,33.43030808827642,-116.23894433977583,KYUX,17.967499999999998,2023/09/01/KYUX/KYUX20230901_175803_V06
14286,53.5,402.0,109.0,12.913,33.52898209251625,-115.70659476710013,KYUX,18.04277777777778,2023/09/01/KYUX/KYUX20230901_180234_V06
18189,52.5,588.0,130.0,14.916,33.397663377969295,-115.34527162825613,KYUX,18.121666666666666,2023/09/01/KYUX/KYUX20230901_180718_V06
17864,51.5,838.0,145.0,13.47,33.08384894300118,-114.95924657445558,KYUX,18.20888888888889,2023/09/01/KYUX/KYUX20230901_181232_V06
22282,50.0,1404.0,314.0,15.963,33.01252452216067,-115.10338863173544,KYUX,18.284444444444446,2023/09/01/KYUX/KYUX20230901_181704_V06
23603,53.0,1721.0,416.0,13.716,33.00328552297282,-115.10613156272265,KYUX,18.36527777777778,2023/09/01/KYUX/KYUX20230901_182155_V06
26869,55.5,1755.0,414.0,13.678,33.050987267923816,-115.28560784856637,KYUX,18.442222222222224,2023/09/01/KYUX/KYUX20230901_182632_V06
32327,56.0,2503.0,507.0,14.409,32.85022489660105,-115.35271038123612,KYUX,18.519444444444442,2023/09/01/KYUX/KYUX20230901_183110_V06
35452,60.5,3607.0,926.0,14.607,32.80242775175309,-115.2447631313058,KYUX,18.60638888888889,2023/09/01/KYUX/KYUX20230901_183623_V06
38241,59.5,4757.0,1391.0,14.835,32.744316769910455,-115.15731372026366,KYUX,18.68888888888889,2023/09/01/KYUX/KYUX20230901_184120_V06
44660,61.5,5076.0,1574.0,15.561,32.66412071268217,-115.0419406344074,KYUX,18.77583333333333,2023/09/01/KYUX/KYUX20230901_184633_V06
41867,61.0,5043.0,1665.0,13.979,32.602985021058785,-115.15598335665567,KYUX,18.862222222222222,2023/09/01/KYUX/KYUX20230901_185144_V06
48062,65.5,5556.0,1627.0,15.52,32.5588173760493,-115.32817422990985,KYUX,18.941388888888888,2023/09/01/KYUX/KYUX20230901_185629_V06
56425,68.5,5913.0,1829.0,15.406,32.54246418286487,-115.29720185946037,KYUX,19.022222222222222,2023/09/01/KYUX/KYUX20230901_190120_V06
59816,63.0,6974.0,2260.0,14.752,32.51604989744727,-115.32135218859582,KYUX,19.113055555555558,2023/09/01/KYUX/KYUX20230901_190647_V06
68272,64.5,9185.0,2865.0,14.433,32.5289153343277,-115.41860613481838,KYUX,19.200277777777778,2023/09/01/KYUX/KYUX20230901_191201_V06
78326,61.0,11295.0,4257.0,14.581,32.55305584492768,-115.42157658481852,KYUX,19.287222222222223,2023/09/01/KYUX/KYUX20230901_191714_V06
85187,62.0,13275.0,5383.0,14.613,32.57865337102328,-115.45790019815529,KYUX,19.378333333333334,2023/09/01/KYUX/KYUX20230901_192242_V06
92511,63.0,15708.0,6311.0,14.39,32.59851342931758,-115.47625529037508,KYUX,19.461111111111112,2023/09/01/KYUX/KYUX20230901_192740_V06
105059,61.5,17833.0,6578.0,14.745,32.616833205229284,-115.50256470909623,KYUX,19.54388888888889,2023/09/01/KYUX/KYUX20230901_193238_V06
112772,61.5,18429.0,6494.0,14.772,32.630287335310186,-115.55541053564345,KYUX,19.634999999999998,2023/09/01/KYUX/KYUX20230901_193806_V06
126622,63.5,20792.0,7648.0,14.001,32.62542255535905,-115.64051803652202,KYUX,19.717777777777776,2023/09/01/KYUX/KYUX20230901_194304_V06
138104,63.5,24542.0,9669.0,14.656,32.61621445753615,-115.69735370902029,KYUX,19.800555555555555,2023/09/01/KYUX/KYUX20230901_194802_V06
148338,66.5,28369.0,11491.0,15.598,32.61032630582958,-115.71887967018544,KYUX,19.8875,2023/09/01/KYUX/KYUX20230901_195315_V06
155750,66.5,32047.0,13491.0,15.407,32.62619235077068,-115.72098362377506,KYUX,19.97472222222222,2023/09/01/KYUX/KYUX20230901_195829_V06
162861,64.0,33426.0,13904.0,15.307,32.64007638791206,-115.71574713811273,KYUX,20.061944444444446,2023/09/01/KYUX/KYUX20230901_200343_V06
168564,66.0,33377.0,13604.0,14.962,32.673460025507985,-115.72080831396433,KYUX,20.14638888888889,2023/09/01/KYUX/KYUX20230901_200847_V06
177212,66.0,32255.0,13405.0,15.094,32.69966687952056,-115.7215996263916,KYUX,20.233611111111113,2023/09/01/KYUX/KYUX20230901_201401_V06
181399,63.5,32142.0,13111.0,14.994,32.721474669950645,-115.7240249242672,KYUX,20.321944444444444,2023/09/01/KYUX/KYUX20230901_201919_V06
185466,67.5,31461.0,13009.0,14.424,32.75250254660868,-115.6937032105274,KYUX,20.406666666666666,2023/09/01/KYUX/KYUX20230901_202424_V06
191169,64.0,31870.0,13197.0,15.068,32.75095003454166,-115.67086690382305,KYUX,20.490833333333335,2023/09/01/KYUX/KYUX20230901_202927_V06
199710,63.0,34275.0,14159.0,14.582,32.73588546177314,-115.6446333124415,KYUX,20.57361111111111,2023/09/01/KYUX/KYUX20230901_203425_V06
209929,63.5,37240.0,15551.0,15.994,32.703690119967554,-115.61477149284603,KYUX,20.65833333333333,2023/09/01/KYUX/KYUX20230901_203930_V06
220931,64.0,42446.0,17322.0,15.999,32.68362324828145,-115.59445534075,KYUX,20.744444444444447,2023/09/01/KYUX/KYUX20230901_204440_V06
233991,65.5,46285.0,18050.0,15.951,32.67499832233707,-115.57789238055099,KYUX,20.83277777777778,2023/09/01/KYUX/KYUX20230901_204958_V06
247636,64.5,48598.0,19214.0,15.951,32.64406514935861,-115.5545869528502,KYUX,20.921111111111113,2023/09/01/KYUX/KYUX20230901_205516_V06
264515,64.0,52006.0,20441.0,15.728,32.619270424077776,-115.53113694117927,KYUX,21.009722222222223,2023/09/01/KYUX/KYUX20230901_210035_V06
281499,65.5,55449.0,21003.0,15.393,32.62470120028472,-115.5236209422491,KYUX,21.101111111111113,2023/09/01/KYUX/KYUX20230901_210604_V06
305813,65.5,59719.0,22408.0,15.487,32.62627741297717,-115.52674767543826,KYUX,21.21388888888889,2023/09/01/KYUX/KYUX20230901_211250_V06
323551,64.5,62318.0,22087.0,15.059,32.63907322956819,-115.5329737676513,KYUX,21.30527777777778,2023/09/01/KYUX/KYUX20230901_211819_V06
339625,63.5,66499.0,24191.0,14.557,32.66455972558482,-115.5634685827576,KYUX,21.39611111111111,2023/09/01/KYUX/KYUX20230901_212346_V06
354371,65.0,67154.0,24226.0,15.416,32.67030975928771,-115.57433101211603,KYUX,21.482499999999998,2023/09/01/KYUX/KYUX20230901_212857_V06
367529,65.5,64583.0,23052.0,15.505,32.666132028558195,-115.58261765797374,KYUX,21.570833333333333,2023/09/01/KYUX/KYUX20230901_213415_V06
372215,65.5,62113.0,21954.0,15.059,32.67114642104625,-115.59848871511669,KYUX,21.661666666666665,2023/09/01/KYUX/KYUX20230901_213942_V06
381204,61.0,57395.0,20242.0,14.706,32.65657736924527,-115.60428999029831,KYUX,21.74638888888889,2023/09/01/KYUX/KYUX20230901_214447_V06
388243,60.0,54098.0,18429.0,14.531,32.67452053967675,-115.61313829925638,KYUX,21.83722222222222,2023/09/01/KYUX/KYUX20230901_215014_V06
395608,62.0,51125.0,17057.0,14.42,32.681528905100166,-115.62413313646942,KYUX,21.928333333333335,2023/09/01/KYUX/KYUX20230901_215542_V06
401247,61.0,49545.0,16550.0,13.917,32.680945498370654,-115.63190616838948,KYUX,22.019444444444442,2023/09/01/KYUX/KYUX20230901_220110_V06
411144,61.5,48862.0,16089.0,13.405,32.68978053065373,-115.63676842759371,KYUX,22.108055555555556,2023/09/01/KYUX/KYUX20230901_220629_V06
423573,64.0,47771.0,14909.0,13.641,32.71549789386112,-115.64231223156486,KYUX,22.198888888888888,2023/09/01/KYUX/KYUX20230901_221156_V06
434634,62.5,48137.0,15112.0,12.945,32.751081021158136,-115.6352597534317,KYUX,22.283333333333335,2023/09/01/KYUX/KYUX20230901_221700_V06
443963,65.0,50265.0,15505.0,12.968,32.8030694424295,-115.64148875731655,KYUX,22.369722222222222,2023/09/01/KYUX/KYUX20230901_222211_V06
452051,63.5,51127.0,15822.0,13.398,32.81240764438113,-115.62029914625097,KYUX,22.454166666666666,2023/09/01/KYUX/KYUX20230901_222715_V06
458984,63.0,52941.0,15990.0,13.106,32.86280241132139,-115.61974957256712,KYUX,22.54527777777778,2023/09/01/KYUX/KYUX20230901_223243_V06
467332,63.0,52905.0,16454.0,11.858,32.85933516843129,-115.61056767548514,KYUX,22.628333333333334,2023/09/01/KYUX/KYUX20230901_223742_V06
474575,63.5,53985.0,16126.0,13.578,32.880934189207714,-115.62621723580946,KYUX,22.718888888888888,2023/09/01/KYUX/KYUX20230901_224308_V06
479853,60.0,55241.0,16273.0,11.866,32.916232409866154,-115.64217042022716,KYUX,22.810000000000002,2023/09/01/KYUX/KYUX20230901_224836_V06
483061,63.5,56619.0,16934.0,11.419,32.94010511347405,-115.66179850207166,KYUX,22.90111111111111,2023/09/01/KYUX/KYUX20230901_225404_V06
482699,63.5,56722.0,15968.0,12.164,32.93411626026968,-115.65471470534595,KYUX,22.992222222222225,2023/09/01/KYUX/KYUX20230901_225932_V06
42,21.5,0.0,0.0,nan,nan,nan,KIWA,0.024444444444444442,2023/09/01/KIWA/KIWA20230901_000128_V06
32,28.5,0.0,0.0,nan,nan,nan,KIWA,0.10138888888888889,2023/09/01/KIWA/KIWA20230901_000605_V06
13,17.0,0.0,0.0,nan,nan,nan,KIWA,0.17305555555555555,2023/09/01/KIWA/KIWA20230901_001023_V06
17,21.0,0.0,0.0,nan,nan,nan,KIWA,0.24444444444444444,2023/09/01/KIWA/KIWA20230901_001440_V06
17,16.5,0.0,0.0,nan,nan,nan,KIWA,0.3161111111111111,2023/09/01/KIWA/KIWA20230901_001858_V06
12,28.0,0.0,0.0,nan,nan,nan,KIWA,0.3913888888888889,2023/09/01/KIWA/KIWA20230901_002329_V06
12,20.0,0.0,0.0,nan,nan,nan,KIWA,0.46444444444444444,2023/09/01/KIWA/KIWA20230901_002752_V06
14,44.5,6.0,3.0,13.911,34.02605417840551,-115.02318318545433,KIWA,0.5377777777777778,2023/09/01/KIWA/KIWA20230901_003216_V06
7,22.0,0.0,0.0,nan,nan,nan,KIWA,0.6130555555555556,2023/09/01/KIWA/KIWA20230901_003647_V06
16,18.0,0.0,0.0,nan,nan,nan,KIWA,0.6927777777777778,2023/09/01/KIWA/KIWA20230901_004134_V06
12,18.0,0.0,0.0,nan,nan,nan,KIWA,0.7677777777777778,2023/09/01/KIWA/KIWA20230901_004604_V06
11,18.5,0.0,0.0,nan,nan,nan,KIWA,0.8475,2023/09/01/KIWA/KIWA20230901_005051_V06
8,15.0,0.0,0.0,nan,nan,nan,KIWA,0.9269444444444445,2023/09/01/KIWA/KIWA20230901_005537_V06
12,16.5,0.0,0.0,nan,nan,nan,KIWA,1.0066666666666666,2023/09/01/KIWA/KIWA20230901_010024_V06
8,18.0,0.0,0.0,nan,nan,nan,KIWA,1.0875,2023/09/01/KIWA/KIWA20230901_010515_V06
16,19.5,0.0,0.0,nan,nan,nan,KIWA,1.1675,2023/09/01/KIWA/KIWA20230901_011003_V06
14,20.0,0.0,0.0,nan,nan,nan,KIWA,1.2508333333333332,2023/09/01/KIWA/KIWA20230901_011503_V06
12,19.0,0.0,0.0,nan,nan,nan,KIWA,1.3341666666666665,2023/09/01/KIWA/KIWA20230901_012003_V06
10,17.0,0.0,0.0,nan,nan,nan,KIWA,1.4175,2023/09/01/KIWA/KIWA20230901_012503_V06
23,20.5,0.0,0.0,nan,nan,nan,KIWA,1.5022222222222221,2023/09/01/KIWA/KIWA20230901_013008_V06
20,19.5,0.0,0.0,nan,nan,nan,KIWA,1.5808333333333333,2023/09/01/KIWA/KIWA20230901_013451_V06
16,20.5,0.0,0.0,nan,nan,nan,KIWA,1.6677777777777776,2023/09/01/KIWA/KIWA20230901_014004_V06
10,21.5,0.0,0.0,nan,nan,nan,KIWA,1.7513888888888889,2023/09/01/KIWA/KIWA20230901_014505_V06
12,16.5,0.0,0.0,nan,nan,nan,KIWA,1.8347222222222224,2023/09/01/KIWA/KIWA20230901_015005_V06
10,17.5,0.0,0.0,nan,nan,nan,KIWA,1.9216666666666664,2023/09/01/KIWA/KIWA20230901_015518_V06
20,40.0,4.0,2.0,10.194,34.01845933807111,-114.7548127336108,KIWA,2.0125,2023/09/01/KIWA/KIWA20230901_020045_V06
18,20.0,0.0,0.0,nan,nan,nan,KIWA,2.0994444444444444,2023/09/01/KIWA/KIWA20230901_020558_V06
18,17.0,0.0,0.0,nan,nan,nan,KIWA,2.1863888888888887,2023/09/01/KIWA/KIWA20230901_021111_V06
20,17.0,0.0,0.0,nan,nan,nan,KIWA,2.2744444444444443,2023/09/01/KIWA/KIWA20230901_021628_V06
6,16.0,0.0,0.0,nan,nan,nan,KIWA,2.362777777777778,2023/09/01/KIWA/KIWA20230901_022146_V06
6,20.0,0.0,0.0,nan,nan,nan,KIWA,2.4511111111111115,2023/09/01/KIWA/KIWA20230901_022704_V06
26,18.0,0.0,0.0,nan,nan,nan,KIWA,2.5394444444444444,2023/09/01/KIWA/KIWA20230901_023222_V06
8,17.5,0.0,0.0,nan,nan,nan,KIWA,2.6275,2023/09/01/KIWA/KIWA20230901_023739_V06
22,21.0,0.0,0.0,nan,nan,nan,KIWA,2.713888888888889,2023/09/01/KIWA/KIWA20230901_024250_V06
8,18.0,0.0,0.0,nan,nan,nan,KIWA,2.802222222222222,2023/09/01/KIWA/KIWA20230901_024808_V06
10,17.0,0.0,0.0,nan,nan,nan,KIWA,2.888611111111111,2023/09/01/KIWA/KIWA20230901_025319_V06
12,18.5,0.0,0.0,nan,nan,nan,KIWA,2.979444444444445,2023/09/01/KIWA/KIWA20230901_025846_V06
18,15.0,0.0,0.0,nan,nan,nan,KIWA,3.065833333333333,2023/09/01/KIWA/KIWA20230901_030357_V06
8,17.0,0.0,0.0,nan,nan,nan,KIWA,3.156388888888889,2023/09/01/KIWA/KIWA20230901_030923_V06
10,20.0,0.0,0.0,nan,nan,nan,KIWA,3.2472222222222222,2023/09/01/KIWA/KIWA20230901_031450_V06
12,19.5,0.0,0.0,nan,nan,nan,KIWA,3.3380555555555556,2023/09/01/KIWA/KIWA20230901_032017_V06
8,17.0,0.0,0.0,nan,nan,nan,KIWA,3.428888888888889,2023/09/01/KIWA/KIWA20230901_032544_V06
11,19.0,0.0,0.0,nan,nan,nan,KIWA,3.52,2023/09/01/KIWA/KIWA20230901_033112_V06
8,18.0,0.0,0.0,nan,nan,nan,KIWA,3.6083333333333334,2023/09/01/KIWA/KIWA20230901_033630_V06
6,16.5,0.0,0.0,nan,nan,nan,KIWA,3.7172222222222224,2023/09/01/KIWA/KIWA20230901_034302_V06
46,23.5,0.0,0.0,nan,nan,nan,KIWA,3.803611111111111,2023/09/01/KIWA/KIWA20230901_034813_V06
13,18.0,0.0,0.0,nan,nan,nan,KIWA,3.8897222222222223,2023/09/01/KIWA/KIWA20230901_035323_V06
7,22.5,0.0,0.0,nan,nan,nan,KIWA,3.9761111111111114,2023/09/01/KIWA/KIWA20230901_035834_V06
20,26.5,0.0,0.0,nan,nan,nan,KIWA,4.060833333333333,2023/09/01/KIWA/KIWA20230901_040339_V06
12,18.0,0.0,0.0,nan,nan,nan,KIWA,4.145277777777778,2023/09/01/KIWA/KIWA20230901_040843_V06
10,18.0,0.0,0.0,nan,nan,nan,KIWA,4.229444444444445,2023/09/01/KIWA/KIWA20230901_041346_V06
4,12.5,0.0,0.0,nan,nan,nan,KIWA,4.313888888888889,2023/09/01/KIWA/KIWA20230901_041850_V06
2,10.5,0.0,0.0,nan,nan,nan,KIWA,4.398611111111111,2023/09/01/KIWA/KIWA20230901_042355_V06
19,18.5,0.0,0.0,nan,nan,nan,KIWA,4.482777777777778,2023/09/01/KIWA/KIWA20230901_042858_V06
11,18.5,0.0,0.0,nan,nan,nan,KIWA,4.573611111111111,2023/09/01/KIWA/KIWA20230901_043425_V06
21,19.5,0.0,0.0,nan,nan,nan,KIWA,4.664444444444444,2023/09/01/KIWA/KIWA20230901_043952_V06
39,19.0,0.0,0.0,nan,nan,nan,KIWA,4.755277777777778,2023/09/01/KIWA/KIWA20230901_044519_V06
17,24.0,0.0,0.0,nan,nan,nan,KIWA,4.846111111111111,2023/09/01/KIWA/KIWA20230901_045046_V06
11,18.0,0.0,0.0,nan,nan,nan,KIWA,4.9366666666666665,2023/09/01/KIWA/KIWA20230901_045612_V06
11,22.0,0.0,0.0,nan,nan,nan,KIWA,5.0275,2023/09/01/KIWA/KIWA20230901_050139_V06
8,18.5,0.0,0.0,nan,nan,nan,KIWA,5.118055555555555,2023/09/01/KIWA/KIWA20230901_050705_V06
6,18.5,0.0,0.0,nan,nan,nan,KIWA,5.208888888888889,2023/09/01/KIWA/KIWA20230901_051232_V06
0,nan,0.0,0.0,nan,nan,nan,KIWA,5.291388888888889,2023/09/01/KIWA/KIWA20230901_051729_V06
12,17.0,0.0,0.0,nan,nan,nan,KIWA,5.38,2023/09/01/KIWA/KIWA20230901_052248_V06
6,15.5,0.0,0.0,nan,nan,nan,KIWA,5.468055555555556,2023/09/01/KIWA/KIWA20230901_052805_V06
10,22.0,0.0,0.0,nan,nan,nan,KIWA,5.556111111111111,2023/09/01/KIWA/KIWA20230901_053322_V06
8,19.5,0.0,0.0,nan,nan,nan,KIWA,5.646944444444444,2023/09/01/KIWA/KIWA20230901_053849_V06
10,17.0,0.0,0.0,nan,nan,nan,KIWA,5.737777777777778,2023/09/01/KIWA/KIWA20230901_054416_V06
21,18.5,0.0,0.0,nan,nan,nan,KIWA,5.828333333333333,2023/09/01/KIWA/KIWA20230901_054942_V06
13,18.5,0.0,0.0,nan,nan,nan,KIWA,5.919444444444445,2023/09/01/KIWA/KIWA20230901_055510_V06
16,18.0,0.0,0.0,nan,nan,nan,KIWA,6.01,2023/09/01/KIWA/KIWA20230901_060036_V06
57,32.5,2.0,0.0,10.603,33.97075663577964,-115.29902842049631,KIWA,6.100833333333333,2023/09/01/KIWA/KIWA20230901_060603_V06
119,30.0,1.0,0.0,9.869,34.119871958338564,-115.09021526137356,KIWA,6.191666666666667,2023/09/01/KIWA/KIWA20230901_061130_V06
147,31.0,1.0,0.0,9.676,34.12217580902956,-115.10363633323259,KIWA,6.282222222222222,2023/09/01/KIWA/KIWA20230901_061656_V06
172,34.0,13.0,0.0,10.338,34.1005027376403,-115.1142521347165,KIWA,6.368333333333333,2023/09/01/KIWA/KIWA20230901_062206_V06
131,32.5,1.0,0.0,9.786,34.116811536901935,-115.07156063979107,KIWA,6.4511111111111115,2023/09/01/KIWA/KIWA20230901_062704_V06
80,26.0,0.0,0.0,nan,nan,nan,KIWA,6.533888888888889,2023/09/01/KIWA/KIWA20230901_063202_V06
197,30.0,1.0,0.0,9.862,34.17182792766744,-115.07806390971486,KIWA,6.624722222222223,2023/09/01/KIWA/KIWA20230901_063729_V06
170,28.0,0.0,0.0,nan,nan,nan,KIWA,6.7155555555555555,2023/09/01/KIWA/KIWA20230901_064256_V06
121,22.0,0.0,0.0,nan,nan,nan,KIWA,6.798333333333333,2023/09/01/KIWA/KIWA20230901_064754_V06
146,27.5,0.0,0.0,nan,nan,nan,KIWA,6.880833333333334,2023/09/01/KIWA/KIWA20230901_065251_V06
252,29.0,0.0,0.0,nan,nan,nan,KIWA,6.969166666666667,2023/09/01/KIWA/KIWA20230901_065809_V06
157,25.0,0.0,0.0,nan,nan,nan,KIWA,7.0575,2023/09/01/KIWA/KIWA20230901_070327_V06
229,23.5,0.0,0.0,nan,nan,nan,KIWA,7.145833333333334,2023/09/01/KIWA/KIWA20230901_070845_V06
338,26.0,0.0,0.0,nan,nan,nan,KIWA,7.234166666666667,2023/09/01/KIWA/KIWA20230901_071403_V06
477,31.0,1.0,0.0,9.676,34.249637997548895,-115.05772751901354,KIWA,7.322222222222222,2023/09/01/KIWA/KIWA20230901_071920_V06
463,24.0,0.0,0.0,nan,nan,nan,KIWA,7.413055555555556,2023/09/01/KIWA/KIWA20230901_072447_V06
299,27.5,0.0,0.0,nan,nan,nan,KIWA,7.503888888888889,2023/09/01/KIWA/KIWA20230901_073014_V06
47,23.0,0.0,0.0,nan,nan,nan,KIWA,7.594722222222222,2023/09/01/KIWA/KIWA20230901_073541_V06
20,16.5,0.0,0.0,nan,nan,nan,KIWA,7.683055555555556,2023/09/01/KIWA/KIWA20230901_074059_V06
19,18.5,0.0,0.0,nan,nan,nan,KIWA,7.771111111111111,2023/09/01/KIWA/KIWA20230901_074616_V06
53,21.5,0.0,0.0,nan,nan,nan,KIWA,7.857222222222222,2023/09/01/KIWA/KIWA20230901_075126_V06
185,24.0,0.0,0.0,nan,nan,nan,KIWA,7.948055555555555,2023/09/01/KIWA/KIWA20230901_075653_V06
238,30.0,1.0,0.0,10.135,34.45842385110581,-115.0151939487461,KIWA,8.034444444444444,2023/09/01/KIWA/KIWA20230901_080204_V06
177,25.5,0.0,0.0,nan,nan,nan,KIWA,8.122777777777777,2023/09/01/KIWA/KIWA20230901_080722_V06
69,19.0,0.0,0.0,nan,nan,nan,KIWA,8.213888888888889,2023/09/01/KIWA/KIWA20230901_081250_V06
69,20.0,0.0,0.0,nan,nan,nan,KIWA,8.301944444444445,2023/09/01/KIWA/KIWA20230901_081807_V06
19,17.5,0.0,0.0,nan,nan,nan,KIWA,8.392777777777777,2023/09/01/KIWA/KIWA20230901_082334_V06
8,22.0,0.0,0.0,nan,nan,nan,KIWA,8.48361111111111,2023/09/01/KIWA/KIWA20230901_082901_V06
11,18.5,0.0,0.0,nan,nan,nan,KIWA,8.56638888888889,2023/09/01/KIWA/KIWA20230901_083359_V06
27,15.5,0.0,0.0,nan,nan,nan,KIWA,8.649166666666666,2023/09/01/KIWA/KIWA20230901_083857_V06
30,19.5,0.0,0.0,nan,nan,nan,KIWA,8.728055555555555,2023/09/01/KIWA/KIWA20230901_084341_V06
33,20.0,0.0,0.0,nan,nan,nan,KIWA,8.814722222222223,2023/09/01/KIWA/KIWA20230901_084853_V06
36,18.5,0.0,0.0,nan,nan,nan,KIWA,8.901944444444444,2023/09/01/KIWA/KIWA20230901_085407_V06
198,27.0,0.0,0.0,nan,nan,nan,KIWA,8.988888888888889,2023/09/01/KIWA/KIWA20230901_085920_V06
211,30.5,2.0,0.0,10.512,34.148135030091716,-114.73118092457106,KIWA,9.072222222222223,2023/09/01/KIWA/KIWA20230901_090420_V06
192,25.0,0.0,0.0,nan,nan,nan,KIWA,9.155555555555557,2023/09/01/KIWA/KIWA20230901_090920_V06
138,25.5,0.0,0.0,nan,nan,nan,KIWA,9.23861111111111,2023/09/01/KIWA/KIWA20230901_091419_V06
205,22.0,0.0,0.0,nan,nan,nan,KIWA,9.322222222222223,2023/09/01/KIWA/KIWA20230901_091920_V06
341,29.5,0.0,0.0,nan,nan,nan,KIWA,9.409444444444444,2023/09/01/KIWA/KIWA20230901_092434_V06
1026,33.0,27.0,0.0,9.14,34.0217851613724,-114.86768187135549,KIWA,9.492777777777777,2023/09/01/KIWA/KIWA20230901_092934_V06
1222,35.5,62.0,0.0,10.081,34.039026828410414,-114.875252532453,KIWA,9.57611111111111,2023/09/01/KIWA/KIWA20230901_093434_V06
1209,37.0,30.0,0.0,9.535,34.03221307531515,-114.9173809113158,KIWA,9.659722222222223,2023/09/01/KIWA/KIWA20230901_093935_V06
1031,41.5,60.0,1.0,10.871,34.01271225742313,-114.907811489524,KIWA,9.742777777777777,2023/09/01/KIWA/KIWA20230901_094434_V06
780,38.0,50.0,0.0,9.882,34.07999714285882,-114.89440090072367,KIWA,9.82611111111111,2023/09/01/KIWA/KIWA20230901_094934_V06
772,38.0,46.0,0.0,9.893,34.23760086931125,-114.91971198144677,KIWA,9.909444444444444,2023/09/01/KIWA/KIWA20230901_095434_V06
648,33.5,11.0,0.0,9.56,34.080137526678264,-114.85902873538198,KIWA,9.996666666666666,2023/09/01/KIWA/KIWA20230901_095948_V06
699,36.5,24.0,0.0,9.918,34.158828684265394,-115.00224234124056,KIWA,10.087222222222223,2023/09/01/KIWA/KIWA20230901_100514_V06
311,28.5,0.0,0.0,nan,nan,nan,KIWA,10.178055555555554,2023/09/01/KIWA/KIWA20230901_101041_V06
84,24.0,0.0,0.0,nan,nan,nan,KIWA,10.26888888888889,2023/09/01/KIWA/KIWA20230901_101608_V06
46,18.0,0.0,0.0,nan,nan,nan,KIWA,10.359722222222222,2023/09/01/KIWA/KIWA20230901_102135_V06
4,19.5,0.0,0.0,nan,nan,nan,KIWA,10.450277777777776,2023/09/01/KIWA/KIWA20230901_102701_V06
6,17.0,0.0,0.0,nan,nan,nan,KIWA,10.54138888888889,2023/09/01/KIWA/KIWA20230901_103229_V06
5,16.0,0.0,0.0,nan,nan,nan,KIWA,10.632222222222223,2023/09/01/KIWA/KIWA20230901_103756_V06
43,19.5,0.0,0.0,nan,nan,nan,KIWA,10.716666666666667,2023/09/01/KIWA/KIWA20230901_104300_V06
29,17.5,0.0,0.0,nan,nan,nan,KIWA,10.801388888888889,2023/09/01/KIWA/KIWA20230901_104805_V06
142,28.0,0.0,0.0,nan,nan,nan,KIWA,10.886111111111111,2023/09/01/KIWA/KIWA20230901_105310_V06
206,23.5,0.0,0.0,nan,nan,nan,KIWA,10.976666666666667,2023/09/01/KIWA/KIWA20230901_105836_V06
108,21.5,0.0,0.0,nan,nan,nan,KIWA,11.067499999999999,2023/09/01/KIWA/KIWA20230901_110403_V06
110,18.5,0.0,0.0,nan,nan,nan,KIWA,11.158333333333333,2023/09/01/KIWA/KIWA20230901_110930_V06
128,21.0,0.0,0.0,nan,nan,nan,KIWA,11.249166666666666,2023/09/01/KIWA/KIWA20230901_111457_V06
244,20.5,0.0,0.0,nan,nan,nan,KIWA,11.340277777777779,2023/09/01/KIWA/KIWA20230901_112025_V06
429,24.0,0.0,0.0,nan,nan,nan,KIWA,11.431111111111111,2023/09/01/KIWA/KIWA20230901_112552_V06
570,26.5,0.0,0.0,nan,nan,nan,KIWA,11.521666666666668,2023/09/01/KIWA/KIWA20230901_113118_V06
456,25.0,0.0,0.0,nan,nan,nan,KIWA,11.61,2023/09/01/KIWA/KIWA20230901_113636_V06
274,24.0,0.0,0.0,nan,nan,nan,KIWA,11.719166666666666,2023/09/01/KIWA/KIWA20230901_114309_V06
100,22.5,0.0,0.0,nan,nan,nan,KIWA,11.807500000000001,2023/09/01/KIWA/KIWA20230901_114827_V06
32,18.5,0.0,0.0,nan,nan,nan,KIWA,11.893888888888888,2023/09/01/KIWA/KIWA20230901_115338_V06
14,16.5,0.0,0.0,nan,nan,nan,KIWA,11.980277777777777,2023/09/01/KIWA/KIWA20230901_115849_V06
6,18.0,0.0,0.0,nan,nan,nan,KIWA,12.06638888888889,2023/09/01/KIWA/KIWA20230901_120359_V06
8,17.5,0.0,0.0,nan,nan,nan,KIWA,12.152777777777779,2023/09/01/KIWA/KIWA20230901_120910_V06
16,18.5,0.0,0.0,nan,nan,nan,KIWA,12.235277777777776,2023/09/01/KIWA/KIWA20230901_121407_V06
40,19.0,0.0,0.0,nan,nan,nan,KIWA,12.317777777777778,2023/09/01/KIWA/KIWA20230901_121904_V06
44,19.0,0.0,0.0,nan,nan,nan,KIWA,12.402222222222223,2023/09/01/KIWA/KIWA20230901_122408_V06
49,20.5,0.0,0.0,nan,nan,nan,KIWA,12.48472222222222,2023/09/01/KIWA/KIWA20230901_122905_V06
6,16.0,0.0,0.0,nan,nan,nan,KIWA,12.566111111111113,2023/09/01/KIWA/KIWA20230901_123358_V06
19,19.5,0.0,0.0,nan,nan,nan,KIWA,12.646666666666667,2023/09/01/KIWA/KIWA20230901_123848_V06
2,13.0,0.0,0.0,nan,nan,nan,KIWA,12.73,2023/09/01/KIWA/KIWA20230901_124348_V06
9,17.0,0.0,0.0,nan,nan,nan,KIWA,12.813055555555556,2023/09/01/KIWA/KIWA20230901_124847_V06
9,18.5,0.0,0.0,nan,nan,nan,KIWA,12.896666666666667,2023/09/01/KIWA/KIWA20230901_125348_V06
15,15.0,0.0,0.0,nan,nan,nan,KIWA,12.97638888888889,2023/09/01/KIWA/KIWA20230901_125835_V06
22,17.0,0.0,0.0,nan,nan,nan,KIWA,13.048055555555555,2023/09/01/KIWA/KIWA20230901_130253_V06
27,20.0,0.0,0.0,nan,nan,nan,KIWA,13.120000000000001,2023/09/01/KIWA/KIWA20230901_130712_V06
18,18.5,0.0,0.0,nan,nan,nan,KIWA,13.19138888888889,2023/09/01/KIWA/KIWA20230901_131129_V06
35,19.0,0.0,0.0,nan,nan,nan,KIWA,13.263055555555555,2023/09/01/KIWA/KIWA20230901_131547_V06
54,18.5,0.0,0.0,nan,nan,nan,KIWA,13.334722222222222,2023/09/01/KIWA/KIWA20230901_132005_V06
49,21.0,0.0,0.0,nan,nan,nan,KIWA,13.40611111111111,2023/09/01/KIWA/KIWA20230901_132422_V06
42,22.5,0.0,0.0,nan,nan,nan,KIWA,13.474166666666667,2023/09/01/KIWA/KIWA20230901_132827_V06
23,17.0,0.0,0.0,nan,nan,nan,KIWA,13.543888888888889,2023/09/01/KIWA/KIWA20230901_133238_V06
31,27.0,0.0,0.0,nan,nan,nan,KIWA,13.6175,2023/09/01/KIWA/KIWA20230901_133703_V06
36,16.5,0.0,0.0,nan,nan,nan,KIWA,13.690833333333334,2023/09/01/KIWA/KIWA20230901_134127_V06
14,17.0,0.0,0.0,nan,nan,nan,KIWA,13.764166666666666,2023/09/01/KIWA/KIWA20230901_134551_V06
10,18.0,0.0,0.0,nan,nan,nan,KIWA,13.83388888888889,2023/09/01/KIWA/KIWA20230901_135002_V06
27,19.5,0.0,0.0,nan,nan,nan,KIWA,13.905555555555557,2023/09/01/KIWA/KIWA20230901_135420_V06
24,38.5,5.0,0.0,13.911,34.05642004641336,-115.0142293398508,KIWA,13.976944444444445,2023/09/01/KIWA/KIWA20230901_135837_V06
17,19.0,0.0,0.0,nan,nan,nan,KIWA,14.046666666666667,2023/09/01/KIWA/KIWA20230901_140248_V06
6,17.5,0.0,0.0,nan,nan,nan,KIWA,14.116111111111111,2023/09/01/KIWA/KIWA20230901_140658_V06
17,19.5,0.0,0.0,nan,nan,nan,KIWA,14.1875,2023/09/01/KIWA/KIWA20230901_141115_V06
14,17.5,0.0,0.0,nan,nan,nan,KIWA,14.258888888888889,2023/09/01/KIWA/KIWA20230901_141532_V06
37,21.5,0.0,0.0,nan,nan,nan,KIWA,14.33,2023/09/01/KIWA/KIWA20230901_141948_V06
27,22.0,0.0,0.0,nan,nan,nan,KIWA,14.398333333333333,2023/09/01/KIWA/KIWA20230901_142354_V06
22,19.5,0.0,0.0,nan,nan,nan,KIWA,14.466111111111111,2023/09/01/KIWA/KIWA20230901_142758_V06
27,20.5,0.0,0.0,nan,nan,nan,KIWA,14.536388888888888,2023/09/01/KIWA/KIWA20230901_143211_V06
22,20.0,0.0,0.0,nan,nan,nan,KIWA,14.60611111111111,2023/09/01/KIWA/KIWA20230901_143622_V06
29,24.5,0.0,0.0,nan,nan,nan,KIWA,14.67611111111111,2023/09/01/KIWA/KIWA20230901_144034_V06
29,19.0,0.0,0.0,nan,nan,nan,KIWA,14.74611111111111,2023/09/01/KIWA/KIWA20230901_144446_V06
40,44.5,6.0,3.0,10.338,33.83893520333336,-115.32837505637139,KIWA,14.81861111111111,2023/09/01/KIWA/KIWA20230901_144907_V06
41,21.5,0.0,0.0,nan,nan,nan,KIWA,14.890833333333333,2023/09/01/KIWA/KIWA20230901_145327_V06
88,27.0,0.0,0.0,nan,nan,nan,KIWA,14.960833333333333,2023/09/01/KIWA/KIWA20230901_145739_V06
23,17.0,0.0,0.0,nan,nan,nan,KIWA,15.031111111111112,2023/09/01/KIWA/KIWA20230901_150152_V06
18,19.0,0.0,0.0,nan,nan,nan,KIWA,15.100833333333332,2023/09/01/KIWA/KIWA20230901_150603_V06
8,16.5,0.0,0.0,nan,nan,nan,KIWA,15.170833333333333,2023/09/01/KIWA/KIWA20230901_151015_V06
12,18.5,0.0,0.0,nan,nan,nan,KIWA,15.240833333333333,2023/09/01/KIWA/KIWA20230901_151427_V06
22,19.5,0.0,0.0,nan,nan,nan,KIWA,15.313333333333334,2023/09/01/KIWA/KIWA20230901_151848_V06
12,16.5,0.0,0.0,nan,nan,nan,KIWA,15.385555555555555,2023/09/01/KIWA/KIWA20230901_152308_V06
54,20.5,0.0,0.0,nan,nan,nan,KIWA,15.455833333333333,2023/09/01/KIWA/KIWA20230901_152721_V06
48,21.5,0.0,0.0,nan,nan,nan,KIWA,15.528333333333334,2023/09/01/KIWA/KIWA20230901_153142_V06
124,23.0,0.0,0.0,nan,nan,nan,KIWA,15.601111111111111,2023/09/01/KIWA/KIWA20230901_153604_V06
191,25.5,0.0,0.0,nan,nan,nan,KIWA,15.67361111111111,2023/09/01/KIWA/KIWA20230901_154025_V06
237,29.0,0.0,0.0,nan,nan,nan,KIWA,15.74611111111111,2023/09/01/KIWA/KIWA20230901_154446_V06
273,29.5,0.0,0.0,nan,nan,nan,KIWA,15.81861111111111,2023/09/01/KIWA/KIWA20230901_154907_V06
303,30.0,1.0,0.0,8.718,33.86105130259735,-114.94654961467546,KIWA,15.891388888888889,2023/09/01/KIWA/KIWA20230901_155329_V06
346,42.0,5.0,2.0,12.716,34.09847023030764,-115.26261546944383,KIWA,15.96361111111111,2023/09/01/KIWA/KIWA20230901_155749_V06
277,27.5,0.0,0.0,nan,nan,nan,KIWA,16.03638888888889,2023/09/01/KIWA/KIWA20230901_160211_V06
226,27.0,0.0,0.0,nan,nan,nan,KIWA,16.10611111111111,2023/09/01/KIWA/KIWA20230901_160622_V06
191,27.0,0.0,0.0,nan,nan,nan,KIWA,16.178611111111113,2023/09/01/KIWA/KIWA20230901_161043_V06
171,24.5,0.0,0.0,nan,nan,nan,KIWA,16.24638888888889,2023/09/01/KIWA/KIWA20230901_161447_V06
213,30.5,1.0,0.0,9.232,33.92129149147414,-114.99794625089078,KIWA,16.31638888888889,2023/09/01/KIWA/KIWA20230901_161859_V06
199,34.0,7.0,0.0,9.256,33.92024757343136,-114.99659308323592,KIWA,16.386666666666667,2023/09/01/KIWA/KIWA20230901_162312_V06
120,28.0,0.0,0.0,nan,nan,nan,KIWA,16.45638888888889,2023/09/01/KIWA/KIWA20230901_162723_V06
119,23.5,0.0,0.0,nan,nan,nan,KIWA,16.529722222222222,2023/09/01/KIWA/KIWA20230901_163147_V06
113,20.5,0.0,0.0,nan,nan,nan,KIWA,16.597777777777775,2023/09/01/KIWA/KIWA20230901_163552_V06
61,21.5,0.0,0.0,nan,nan,nan,KIWA,16.66916666666667,2023/09/01/KIWA/KIWA20230901_164009_V06
27,21.0,0.0,0.0,nan,nan,nan,KIWA,16.73888888888889,2023/09/01/KIWA/KIWA20230901_164420_V06
16,21.0,0.0,0.0,nan,nan,nan,KIWA,16.8125,2023/09/01/KIWA/KIWA20230901_164845_V06
13,17.0,0.0,0.0,nan,nan,nan,KIWA,16.88611111111111,2023/09/01/KIWA/KIWA20230901_165310_V06
47,20.5,0.0,0.0,nan,nan,nan,KIWA,16.959444444444443,2023/09/01/KIWA/KIWA20230901_165734_V06
90,23.0,0.0,0.0,nan,nan,nan,KIWA,17.039166666666667,2023/09/01/KIWA/KIWA20230901_170221_V06
77,45.5,7.0,4.0,10.338,33.93836245582562,-115.30708994439881,KIWA,17.11527777777778,2023/09/01/KIWA/KIWA20230901_170655_V06
92,23.5,0.0,0.0,nan,nan,nan,KIWA,17.19472222222222,2023/09/01/KIWA/KIWA20230901_171141_V06
54,21.0,0.0,0.0,nan,nan,nan,KIWA,17.27472222222222,2023/09/01/KIWA/KIWA20230901_171629_V06
117,25.0,0.0,0.0,nan,nan,nan,KIWA,17.351666666666667,2023/09/01/KIWA/KIWA20230901_172106_V06
88,34.5,3.0,0.0,10.603,33.988836375418494,-115.29487459122807,KIWA,17.428611111111113,2023/09/01/KIWA/KIWA20230901_172543_V06
63,28.5,0.0,0.0,nan,nan,nan,KIWA,17.505555555555556,2023/09/01/KIWA/KIWA20230901_173020_V06
50,24.0,0.0,0.0,nan,nan,nan,KIWA,17.586388888888887,2023/09/01/KIWA/KIWA20230901_173511_V06
18,37.5,4.0,0.0,9.496,34.11721069723938,-115.25846701256656,KIWA,17.66333333333333,2023/09/01/KIWA/KIWA20230901_173948_V06
17,17.0,0.0,0.0,nan,nan,nan,KIWA,17.742222222222225,2023/09/01/KIWA/KIWA20230901_174432_V06
4,18.0,0.0,0.0,nan,nan,nan,KIWA,17.822777777777777,2023/09/01/KIWA/KIWA20230901_174922_V06
47,21.5,0.0,0.0,nan,nan,nan,KIWA,17.901944444444442,2023/09/01/KIWA/KIWA20230901_175407_V06
138,36.0,5.0,0.0,12.047,32.801534666696035,-113.83733314730412,KIWA,17.98222222222222,2023/09/01/KIWA/KIWA20230901_175856_V06
393,44.5,62.0,12.0,12.08,32.85588982700257,-113.84181755507336,KIWA,18.06138888888889,2023/09/01/KIWA/KIWA20230901_180341_V06
756,46.5,150.0,21.0,14.696,32.866853000151664,-113.85034178052287,KIWA,18.140277777777776,2023/09/01/KIWA/KIWA20230901_180825_V06
1167,51.5,310.0,72.0,14.537,32.87668741511194,-113.83675865500125,KIWA,18.219166666666666,2023/09/01/KIWA/KIWA20230901_181309_V06
1668,49.5,435.0,139.0,14.715,32.866295842858,-113.87026572695237,KIWA,18.298055555555557,2023/09/01/KIWA/KIWA20230901_181753_V06
2213,50.5,518.0,149.0,14.656,32.86971095992853,-113.89991185525467,KIWA,18.376944444444444,2023/09/01/KIWA/KIWA20230901_182237_V06
2780,49.5,618.0,192.0,14.638,32.877877779818576,-113.9040828124074,KIWA,18.45611111111111,2023/09/01/KIWA/KIWA20230901_182722_V06
3444,54.5,740.0,199.0,14.974,32.87180682622256,-113.91878275109075,KIWA,18.53111111111111,2023/09/01/KIWA/KIWA20230901_183152_V06
4174,56.0,1052.0,356.0,15.194,32.875055348449834,-113.95244531480398,KIWA,18.60638888888889,2023/09/01/KIWA/KIWA20230901_183623_V06
4960,56.0,1366.0,482.0,15.194,32.88962086802219,-113.98165424883219,KIWA,18.689166666666665,2023/09/01/KIWA/KIWA20230901_184121_V06
5620,60.5,1658.0,704.0,15.034,32.905956107666476,-113.98562017981557,KIWA,18.772222222222222,2023/09/01/KIWA/KIWA20230901_184620_V06
6548,60.5,1760.0,691.0,15.94,32.917250111098404,-114.01322692273517,KIWA,18.854722222222225,2023/09/01/KIWA/KIWA20230901_185117_V06
8505,54.5,2019.0,550.0,14.755,32.93364336392811,-114.03997101944573,KIWA,18.9375,2023/09/01/KIWA/KIWA20230901_185615_V06
9769,60.0,2124.0,480.0,15.512,32.94795202932442,-114.05577165990992,KIWA,19.028333333333332,2023/09/01/KIWA/KIWA20230901_190142_V06
9596,59.0,2080.0,533.0,15.929,32.965827289947846,-114.03031550882955,KIWA,19.114722222222223,2023/09/01/KIWA/KIWA20230901_190653_V06
10614,54.5,2010.0,527.0,15.791,32.95067428053596,-114.06100619336685,KIWA,19.197222222222223,2023/09/01/KIWA/KIWA20230901_191150_V06
14365,59.0,2912.0,659.0,15.692,32.969438346778986,-114.15646519243136,KIWA,19.279999999999998,2023/09/01/KIWA/KIWA20230901_191648_V06
16439,57.0,3396.0,935.0,15.756,32.981609465075415,-114.22366657695333,KIWA,19.366388888888892,2023/09/01/KIWA/KIWA20230901_192159_V06
18367,56.0,3742.0,1173.0,15.885,32.99322181957538,-114.29015200806944,KIWA,19.452777777777776,2023/09/01/KIWA/KIWA20230901_192710_V06
18921,53.5,3781.0,1038.0,15.591,32.98853862751044,-114.27277231668207,KIWA,19.539166666666667,2023/09/01/KIWA/KIWA20230901_193221_V06
22636,57.0,4694.0,1011.0,15.306,33.01199178889426,-114.31841148811287,KIWA,19.62361111111111,2023/09/01/KIWA/KIWA20230901_193725_V06
25042,53.0,4291.0,738.0,15.228,33.042904628145116,-114.36652270665488,KIWA,19.731944444444444,2023/09/01/KIWA/KIWA20230901_194355_V06
27635,51.0,3909.0,442.0,13.788,33.06531218146147,-114.39608503913696,KIWA,19.819166666666668,2023/09/01/KIWA/KIWA20230901_194909_V06
31098,53.0,3682.0,437.0,15.848,33.10150717312729,-114.46508927530782,KIWA,19.906388888888888,2023/09/01/KIWA/KIWA20230901_195423_V06
32928,55.0,3457.0,623.0,13.962,33.11822968516953,-114.51252746582469,KIWA,19.990000000000002,2023/09/01/KIWA/KIWA20230901_195924_V06
33073,55.5,3066.0,501.0,14.817,33.118370640864555,-114.57110154355668,KIWA,20.073333333333334,2023/09/01/KIWA/KIWA20230901_200424_V06
35841,53.5,2848.0,364.0,15.145,33.15017792572591,-114.64203669242478,KIWA,20.1525,2023/09/01/KIWA/KIWA20230901_200909_V06
30180,52.0,2918.0,281.0,15.34,33.18553109855008,-114.71558424328813,KIWA,20.231666666666666,2023/09/01/KIWA/KIWA20230901_201354_V06
46312,51.5,3993.0,318.0,15.996,33.20697461325842,-114.79838957138519,KIWA,20.306944444444444,2023/09/01/KIWA/KIWA20230901_201825_V06
35609,53.0,3721.0,623.0,15.988,33.23716153980366,-114.88297666550628,KIWA,20.3975,2023/09/01/KIWA/KIWA20230901_202351_V06
36917,56.0,4257.0,843.0,15.516,33.27186748753344,-114.82943200259739,KIWA,20.476666666666667,2023/09/01/KIWA/KIWA20230901_202836_V06
39411,54.5,4837.0,1149.0,15.287,33.25888984688794,-114.8568984733806,KIWA,20.559444444444445,2023/09/01/KIWA/KIWA20230901_203334_V06
42911,53.0,5797.0,1571.0,15.563,33.185286636640235,-114.91483132293472,KIWA,20.638333333333332,2023/09/01/KIWA/KIWA20230901_203818_V06
49866,51.5,6673.0,1373.0,15.997,33.07775360668799,-114.98411023443457,KIWA,20.722777777777775,2023/09/01/KIWA/KIWA20230901_204322_V06
49037,57.0,7959.0,1499.0,15.104,33.025049654869264,-115.04228411181134,KIWA,20.809444444444445,2023/09/01/KIWA/KIWA20230901_204834_V06
65995,65.0,9679.0,1389.0,15.932,33.114783273132865,-115.00372651066766,KIWA,20.89388888888889,2023/09/01/KIWA/KIWA20230901_205338_V06
68023,62.5,8198.0,1213.0,15.997,33.13749539971557,-115.00072116510958,KIWA,20.98222222222222,2023/09/01/KIWA/KIWA20230901_205856_V06
69682,54.0,7871.0,957.0,15.964,33.27592626562224,-114.99287874663248,KIWA,21.070555555555554,2023/09/01/KIWA/KIWA20230901_210414_V06
71302,55.0,6489.0,814.0,15.997,33.29427967364977,-115.02779511060155,KIWA,21.15888888888889,2023/09/01/KIWA/KIWA20230901_210932_V06
73220,50.5,5848.0,623.0,15.997,33.23865553770605,-115.06496657452234,KIWA,21.246944444444445,2023/09/01/KIWA/KIWA20230901_211449_V06
75261,55.0,5110.0,556.0,15.997,33.291865102153054,-115.06751418606264,KIWA,21.335277777777776,2023/09/01/KIWA/KIWA20230901_212007_V06
64962,54.5,5202.0,534.0,15.997,33.292157540730265,-115.1067018698387,KIWA,21.42388888888889,2023/09/01/KIWA/KIWA20230901_212526_V06
79960,56.0,4651.0,503.0,15.479,33.321210859915624,-115.13286362388126,KIWA,21.50861111111111,2023/09/01/KIWA/KIWA20230901_213031_V06
83136,56.0,5047.0,613.0,15.293,33.375551965179994,-115.15412798584954,KIWA,21.596944444444443,2023/09/01/KIWA/KIWA20230901_213549_V06
83791,49.0,4453.0,424.0,15.831,33.33877830945027,-115.16072098131448,KIWA,21.685277777777777,2023/09/01/KIWA/KIWA20230901_214107_V06
88788,45.5,3758.0,188.0,15.009,33.3839906214397,-115.14388021934978,KIWA,21.77361111111111,2023/09/01/KIWA/KIWA20230901_214625_V06
90417,44.0,2748.0,54.0,14.665,33.4636091440686,-115.13053513836417,KIWA,21.861944444444447,2023/09/01/KIWA/KIWA20230901_215143_V06
92020,45.0,1903.0,19.0,15.072,33.49333507087558,-115.09799370739954,KIWA,21.950555555555553,2023/09/01/KIWA/KIWA20230901_215702_V06
100010,50.5,1846.0,65.0,14.851,33.53096552767305,-115.0995918680778,KIWA,22.03888888888889,2023/09/01/KIWA/KIWA20230901_220220_V06
99081,45.5,1592.0,40.0,15.511,33.59473461528351,-115.04733980662778,KIWA,22.129722222222224,2023/09/01/KIWA/KIWA20230901_220747_V06
104409,40.0,1201.0,1.0,14.587,33.66032632889217,-114.97878708165358,KIWA,22.218055555555555,2023/09/01/KIWA/KIWA20230901_221305_V06
105278,45.0,1113.0,8.0,15.325,33.39221054696451,-114.97003728330415,KIWA,22.30611111111111,2023/09/01/KIWA/KIWA20230901_221822_V06
106066,43.5,809.0,12.0,14.401,33.246594617765155,-114.90194538170434,KIWA,22.385277777777777,2023/09/01/KIWA/KIWA20230901_222307_V06
118147,43.5,999.0,27.0,14.602,33.25359019122857,-114.93807245744065,KIWA,22.460555555555555,2023/09/01/KIWA/KIWA20230901_222738_V06
121332,46.0,910.0,41.0,13.896,33.322872683578154,-114.9544548901066,KIWA,22.54138888888889,2023/09/01/KIWA/KIWA20230901_223229_V06
123520,43.5,756.0,9.0,14.003,33.37759310151433,-114.92404066338234,KIWA,22.622222222222224,2023/09/01/KIWA/KIWA20230901_223720_V06
131328,41.5,630.0,5.0,13.927,33.3083896921802,-114.91508776446423,KIWA,22.703333333333333,2023/09/01/KIWA/KIWA20230901_224212_V06
131628,39.0,363.0,0.0,13.116,33.393518232686766,-114.80820122760598,KIWA,22.790277777777778,2023/09/01/KIWA/KIWA20230901_224725_V06
132271,38.5,225.0,0.0,10.806,33.366699569558435,-114.7630370536444,KIWA,22.87361111111111,2023/09/01/KIWA/KIWA20230901_225225_V06
131194,43.0,232.0,2.0,10.978,33.32683732990318,-114.79714142155538,KIWA,22.949722222222224,2023/09/01/KIWA/KIWA20230901_225659_V06
